<?xml version="1.0" encoding="UTF-8"?>
<!DOCTYPE  mapper PUBLIC "-//mybatis.org//DTD Mapper 3.0//EN" "http://mybatis.org/dtd/mybatis-3-mapper.dtd">
<mapper namespace="member">
<insert id="insert" parameterType="hashMap" useGeneratedKeys="true" keyProperty="member_id">
  <![CDATA[
    insert into user
    (loginid, password, gender, birthyear, nickname, manager)
    values
    (#{loginid}, #{password}, #{gender}, #{birthyear}, #{nickname}, 0)
  ]]>
</insert>

  <!-- 아이디로 중복 검사 -->
    <select id="countByLoginId" resultType="int">
    <![CDATA[
        SELECT COUNT(*) FROM user WHERE loginid = #{loginId}
        ]]>
    </select>
    
    <!-- 닉네임으로 중복 검사 -->
    <select id="countByNickname" resultType="int">
    <![CDATA[
        SELECT COUNT(*) FROM user WHERE nickname = #{nickname}
          ]]>
    </select>
   <!-- 로그인 기능 구현하기 -->
   	<select id="login_ok" parameterType="hashMap" resultType="hashMap">
	<![CDATA[
    SELECT password FROM user where loginid=#{loginid}
    ]]>
	</select>
	
	<!-- 회원정보 수정 -->
	<update id="edit_user" parameterType="hashMap">
	<![CDATA[
    UPDATE `user`
	SET password = #{password}, `birthyear` = #{birthyear}, `nickname` = #{nickname}
	WHERE `loginid` = #{loginid}
    ]]>	
	</update>

</mapper>